{"cameraMode":{"drawMode":0,"name":"Shaded","section":"Shading Mode"},"sceneLighting":true,"audioPlay":false,"sceneViewState":{"m_AlwaysRefresh":false,"showFog":true,"showSkybox":true,"showFlares":true,"showImageEffects":true,"showParticleSystems":true,"showVisualEffectGraphs":true,"m_FxEnabled":true},"in2DMode":false,"pivot":{"x":-0.06488239765167237,"y":2.1272127628326418,"z":2.928481340408325},"rotation":{"x":0.1384170800447464,"y":-0.022281358018517495,"z":0.003115731058642268,"w":0.9901226162910461},"size":9.751423835754395,"orthographic":false}