{"cameraMode":{"drawMode":0,"name":"Shaded","section":"Shading Mode"},"sceneLighting":true,"audioPlay":false,"sceneViewState":{"m_AlwaysRefresh":false,"showFog":true,"showSkybox":true,"showFlares":true,"showImageEffects":true,"showParticleSystems":true,"showVisualEffectGraphs":true,"m_FxEnabled":true},"in2DMode":false,"pivot":{"x":-1.1057225465774537,"y":11.35480785369873,"z":0.37474262714385989},"rotation":{"x":0.3049863874912262,"y":0.23664282262325288,"z":-0.07854997366666794,"w":0.9191232323646545},"size":9.238923072814942,"orthographic":false}