{"cameraMode":{"drawMode":0,"name":"Shaded","section":"Shading Mode"},"sceneLighting":true,"audioPlay":false,"sceneViewState":{"m_AlwaysRefresh":false,"showFog":true,"showSkybox":true,"showFlares":true,"showImageEffects":true,"showParticleSystems":true,"showVisualEffectGraphs":true,"m_FxEnabled":true},"in2DMode":false,"pivot":{"x":-1.464131474494934,"y":0.47655779123306277,"z":-0.23700489103794099},"rotation":{"x":-0.17878955602645875,"y":0.817859947681427,"z":-0.3436758816242218,"w":-0.42547401785850527},"size":18.973482131958009,"orthographic":false}